{
  "version": 1,
  "author": "Lucas Vieira",
  "editor": "wokwi",
  "parts": [
    { "type": "wokwi-esp32-devkit-v1", "id": "esp", "top": 0, "left": 0, "attrs": {} },
    {
      "type": "wokwi-led",
      "id": "led1",
      "top": 20.84,
      "left": -130.14,
      "attrs": { "color": "orange" }
    },
    {
      "type": "wokwi-led",
      "id": "led2",
      "top": 44.62,
      "left": -107.33,
      "attrs": { "color": "cyan" }
    },
    {
      "type": "wokwi-led",
      "id": "led3",
      "top": 64.19,
      "left": -84.6,
      "attrs": { "color": "purple" }
    },
    {
      "type": "wokwi-led",
      "id": "led4",
      "top": 83.52,
      "left": -63.81,
      "attrs": { "color": "blue" }
    },
    {
      "type": "wokwi-pushbutton",
      "id": "btn1",
      "top": 81.01,
      "left": 125.87,
      "attrs": { "color": "yellow" }
    },
    {
      "type": "wokwi-pushbutton",
      "id": "btn2",
      "top": 32.13,
      "left": 125.04,
      "attrs": { "color": "red" }
    },
    {
      "type": "wokwi-photoresistor-sensor",
      "id": "ldr1",
      "top": 230.17,
      "left": -78.28,
      "attrs": {}
    },
    {
      "type": "wokwi-buzzer",
      "id": "bz1",
      "top": 46.35,
      "left": 208.38,
      "attrs": { "volume": "0.1" }
    }
  ],
  "connections": [
    [ "esp:TX0", "$serialMonitor:RX", "", [] ],
    [ "esp:RX0", "$serialMonitor:TX", "", [] ],
    [ "led2:A", "esp:D25", "cyan", [ "v0" ] ],
    [ "led3:A", "esp:D27", "purple", [ "v0" ] ],
    [ "led4:C", "esp:GND.2", "black", [ "v0" ] ],
    [ "led3:C", "esp:GND.2", "black", [ "v0" ] ],
    [ "led2:C", "esp:GND.2", "black", [ "v0" ] ],
    [ "led1:C", "esp:GND.2", "black", [ "v0" ] ],
    [ "btn1:1.l", "esp:D5", "gold", [ "h0" ] ],
    [ "btn2:2.l", "esp:GND.1", "black", [ "h-12.67", "v84.87" ] ],
    [ "btn1:2.l", "esp:GND.1", "black", [ "h0" ] ],
    [ "bz1:1", "esp:GND.1", "black", [ "v0" ] ],
    [ "bz1:2", "esp:D2", "red", [ "v0" ] ],
    [ "ldr1:VCC", "esp:3V3", "red", [ "h0" ] ],
    [ "ldr1:GND", "esp:GND.1", "black", [ "h24.28", "v-107.17" ] ],
    [ "ldr1:AO", "esp:D15", "green", [ "h43.37", "v-136.17" ] ],
    [ "led1:A", "esp:D33", "orange", [ "v0" ] ],
    [ "led4:A", "esp:D14", "blue", [ "v0" ] ],
    [ "btn2:1.l", "esp:D18", "red", [ "h0" ] ]
  ]
}